;Contagem;Proporção(%)
0;1906;0.8508928571428571
1;334;0.14910714285714285
