;LogisticRegression;GradientBoostingClassifier;Bagging;Random_Forest;XGBoost;Naive_Bayes
0;0.66337899543379;0.6683470319634703;0.6185205479452055;0.6534429223744292;0.6656803652968036;0.5427579908675799
